X_NAME,Y_NAME
1.1190713320648427,27.70341429061847
11.312226892405752,0.16540131690421556
18.593813657922265,10.435389314257856
34.95415053665778,4.09895468846323
5.632939033097321,27.54164832654737
15.727774410661063,11.05425332858648
34.26690999588968,57.37870741333443
15.213653688876118,32.22279121961525
32.1929254088148,17.842819997205048
33.187960535671735,7.944193514995815
56.97407425688599,3.0320526857449948
36.13416160768935,82.9499958407487
71.33885179693887,11.547770186716974
19.92833318876098,15.86262766214351
0.11957707565434672,1.9968431897418601
76.13138372268672,5.319589999633665
20.139850148952984,16.56896593383827
17.156447631095233,2.552948215737671
30.836455826171807,5.6088900988913615
27.26621215818083,5.434486569347146
16.57437116135154,0.7922361399099503
36.07512459234654,14.769489368264994
6.793682740914643,16.428954260228743
7.158059087147794,0.3848407385624323
20.723502147232455,84.88376060866703
46.69592261677429,6.985196180506875
13.11295763292187,15.528171105702326
6.011428114851311,19.53439894733178
3.195537443048777,62.16192173205431
1.5700251714292737,5.430490935399566
41.61788278709164,58.584533041720036
34.22474950520478,9.48113064654965
70.91872186187862,16.437246504375587
3.1106959153265454,2.762753685466649
21.0726188213627,46.676607582581056
32.15876529419683,8.292237714882164
18.06498099207518,34.98638434527783
8.271225614120945,1.1640224779153785
46.13192956880905,11.544734901081457
25.750627455661757,36.84704961832808
68.4787473985374,3.76120685184236
44.21221979806328,23.2807501471149
71.77829908739899,6.872407584611238
26.840149805854633,2.601337845317857
17.933971621490784,2.379272924654135
36.30027875044463,17.999419793044673
13.641582075723097,11.532103211448607
85.65161240828014,51.517607823536295
1.645935310569146,42.889130725906895
18.564606677993957,58.56332075960618
13.96475459739615,48.228162087825346
84.57883743832238,76.52050590025286
12.12219143285463,45.318973456243945
0.829229228699741,47.424180184334325
36.23416017229626,2.882696042904466
8.653564289414321,65.75609768276139
2.1094242100624747,21.869861631124746
18.20646768094667,2.699577235861446
21.558004527115052,38.18142942862836
17.743550556980534,3.2074805003247
1.0163403261089086,41.030069194669785
68.18615403711779,15.78210855301629
66.67599630634207,7.294542330356685
40.52716462768452,4.6378307191196635
17.432625603182025,3.024670572516475
2.9944050779197213,11.462213003070422
36.11399800899396,5.1859056580837075
9.580410816760384,76.63174134492887
28.72829460440976,5.851792866114967
20.287758726670816,13.67554552150777
14.397237227967537,20.546806249052572
1.6059126310416616,1.4885579510610742
6.937374050440858,55.82577760862489
40.37527726560929,15.528897285742882
24.728234240188772,43.29192282307567
57.53051166896759,47.38446747905397
7.589152221425893,20.35651645535169
52.759957988626866,51.2898178264919
71.29574145854139,31.53461208411116
17.293010897086248,30.475467425164165
4.336960640257937,39.362202036169364
16.225887201862268,3.621600284621265
25.372552858233455,0.07407281219719575
40.02640628530677,3.6209259469108197
38.860814959788655,2.2415261290824824
62.161004198477144,7.1344608150436635
9.52494149509577,16.935324621458545
46.916641267141344,3.769235739298718
4.308106465808023,41.75641881888089
3.4740310293251913,61.67692215988392
15.274001870722572,4.271533542129333
47.456113518859254,12.39581157576754
39.74796013042867,0.8235762132823241
93.69202568212785,5.142477788154241
49.450510662837296,0.20832955302075962
1.38234086126098,11.318609779075443
10.8664150474838,22.034551463600312
0.38613398476310945,22.15251262437347
43.08767861226623,5.0247803926291805
46.58204942032676,55.28327170541811
18.677609191901816,54.00777517699634
89.54462307386234,19.79308605449522
18.847673773787356,0.2596670629510395
4.687229818261371,89.66517024951708
34.929454900272354,17.211762824759845
16.05724439324518,18.44174366952572
26.414397884012608,8.183916220647069
11.513767244630197,74.74573781273489
18.878836261338957,48.27491013524386
90.79716576070778,6.306143176234694
43.291383603293355,26.101973940616418
65.91258358395861,44.42892391219443
13.769203652350948,6.064295158121554
53.049010222077555,36.738725245561604
31.225348082623015,0.5939511647338741
21.657542083062154,7.031689835954616
38.146426320251926,3.485279569903135
26.926336374564247,66.45978822143036
54.02955573904637,45.0849241891284
35.3555113890663,25.564766937631784
8.30218096397446,66.03240407756392
71.5003160114176,1.0497040674026183
2.272649139817239,21.131662692779738
11.810786980681206,20.755173859996024
54.27256736881427,25.49537200801948
45.568030070849304,16.986001770455346
39.46183223845247,25.81970923114471
4.254104409385547,1.8782192614790612
87.04920105339494,7.930290949396526
28.667215582192824,40.32473329870093
0.47582935146460703,0.3500291531554992
30.254529119674267,44.02034206293196
1.1667201602639499,55.80572557289868
20.31029896959705,1.8653483451949673
0.1905542048783293,0.7869073822656554
10.415181720500767,30.398375371801666
29.335491747709884,0.12965563119637147
10.890828501897587,0.8175397553828353
61.243974530785074,5.429378565826024
25.70288784362506,28.75539622228257
2.1969061741069,35.098929050946694
6.800495271905531,23.809307360709024
51.087564409841036,39.63576084337789
38.90786135823946,0.0845773459714072
47.478364265518714,9.837326995583666
90.10450431625242,68.4855458023504
41.55489766770356,50.81315148772961
1.309962781475477,5.729269153198236
22.85034995288878,2.4008112874792085
23.968274209415675,3.8476518820988255
29.19308368623274,63.26062418486849
80.44823026715827,0.0462618786662381
14.136833928708363,20.26692734132243
8.412093963852897,21.097124350296486
27.4979539961296,42.72006228439061
50.122552618162786,14.83084233429369
85.29632131481245,27.565687144263837
75.50517666447713,10.881873330965018
2.6745277757815007,0.5451946809848053
64.41879675871748,20.799290204047267
0.5232529252071223,4.229070617665314
42.601416736805305,1.0475196444269241
94.16540801747233,62.65780471660354
32.674902477311356,10.098339715831983
0.06599468356756844,0.7941188979257874
30.605733836255,36.00863087257994
17.899891488625393,54.03315754534612
48.21268733350197,15.517069923752027
2.303024496216226,18.94833174613761
11.262345631720878,8.186036914401827
12.960856374353265,86.55113117769929
49.285663633070136,43.94174913542593
25.83557446573019,27.661206735273428
22.49069483424,39.109035073995074
72.02661434161753,6.982683938210719
48.29409536006847,26.27891481760911
33.55251097141433,0.8269991384714616
11.976872520179116,5.362442563744329
98.4334135906137,0.9904524158295114
16.265046593088492,32.32497149463006
50.02667550079372,2.762217772495246
23.287663807893086,9.901049090974396
7.201938061183547,17.71795852919076
5.054835493832788,54.62788423259778
80.62575989635629,54.88034741188995
1.4211135494085911,23.08655274207663
4.630582147248278,8.053876911538367
7.199883677495148,38.35787949143295
31.636745995212483,2.2613245221466634
21.828762787187543,0.5152999498042968
45.078802872006555,31.554812092061784
66.54820613236808,23.423729451717865
40.0470488842923,1.956569079445876
0.40271856977243614,7.240565427980734
26.531558415559967,7.555739438258848
56.35382837510267,7.498354344902589
35.55152013664802,12.170173827274263
49.8931174448205,23.23449614881228
10.28229921544654,5.625284762058721
0.6745672491886174,72.63243359159186
2.857223973287298,44.43533783093049
19.67730438221703,3.4131670221640675
45.22324255418143,0.4902078743384548
8.561332062888855,27.458743992737308
10.142558532577443,21.238368789986158
25.181438811211464,7.386081772287595
14.074631268008453,16.123982529106044
24.89273401352808,1.63521476695691
2.427286960353531,4.732191831948331
32.921496081374265,48.48161502911367
28.069699302885446,23.715457501462986
23.389614866965985,22.153944958894886
0.5377403556565812,61.86573145251033
13.885127235866218,29.228615335672465
8.678427309450457,54.62648564633944
7.679124435936746,1.8016285651393318
18.1041056310701,45.95334179146655
70.1643540297867,4.737660815624957
30.44399610217428,37.99538419645951
8.92949351794802,44.00384410813786
9.272645345427742,12.366827609449805
22.730712191229358,26.266272516436075
53.92177580610468,33.62059631673727
28.708044620665333,2.4668290814675
14.858269122930807,34.616470695843105
15.349644001117648,22.104727754960166
5.136018827762963,38.8490635187837
16.7353489580904,12.678009948580167
11.025897939596687,19.420075194715018
42.1356889501991,2.532053489964981
65.56679109752454,0.3804410969988854
4.3290875361024845,11.613554210772179
60.41583495151406,10.975156315551722
16.897097853635643,59.19282176679435
6.437662707400863,23.110351875597438
7.215063121994821,2.0604884596149993
0.691690652580567,5.211269283657093
7.381271757952822,12.054467018335426
2.4747515949125565,9.344186818167737
61.49804697439251,1.4860860727953922
4.190114418917665,10.528221006676802
45.38675089150073,79.51796044976417
12.972075226281685,0.8485967730205732
37.251279745450155,5.733985931207003
66.76189000481725,20.464767189068006
1.6611316168706585,2.9216317728685253
0.04045619587504978,82.77039005445995
6.166571036521207,0.36926588703301977
7.875980570738398,2.7734180342328636
49.50455534842996,18.994209680743555
21.279381883035168,4.805382939873853
68.06598176015348,62.442234387794585
25.747867462893783,24.772209617725203
36.76886862422331,5.071143371225153
22.802088627789896,15.772056147910847
16.11756904838369,40.07807013724482
11.207351057484352,9.413916490598002
38.511077587756354,4.089058588730768
27.903874170298863,42.60372645644234
33.43131950102055,13.92574588022355
26.301946612731516,59.051208633276175
63.845672034651024,24.87117695100669
9.006624067761612,14.80576895611275
2.809566264685955,1.3968541518107944
55.91012170748664,41.85771931632637
15.569013908068012,9.137613161261974
1.1663690016160497,73.71149899098552
18.11989336744704,60.56810101261486
44.50495396046888,52.18326970141079
3.802545206403672,1.878432135543904
5.602509906443843,59.16997886010793
5.263804538376472,15.940482607689521
50.753327960814474,4.898988153658121
87.20807938760572,83.26173668526779
5.0472005647206775,0.601566930822503
38.3015761822423,21.918742959332224
33.70286456342746,1.0678098319911538
51.78479109085982,16.99649904696078
0.17923940238492908,34.45060303204635
41.95218906094785,54.82702822404847
6.231972389531335,15.551353829231548
13.847853402457236,24.68003924986633
0.5695666550265014,9.202707837581489
35.4306514318402,69.12751763038692
10.955805091896348,0.35005772133430424
3.2686508992289713,50.05691072024843
21.860934780651238,24.39412623031332
21.723972917806382,34.84758962536871
10.539608185531364,1.8331585786821267
12.661461760096804,2.3682697679283917
8.502094602954188,17.167619330789908
3.7918076079371965,20.13734623419838
15.895613883118822,1.0486748539798196
14.187449863613205,17.2079690977373
30.269393958654927,28.739345128976584
34.16435310489907,43.96319977051229
20.34085565125761,0.2625723859331093
38.32802108707376,4.822900577765091
26.551257054441184,40.93262752887743
39.96641482201767,37.06321886887258
29.983827237725627,13.289153280519452
24.932678169874713,8.26285396935736
10.942943590187324,40.726846978682175
1.501554166194901,8.890437993889
22.94298147102776,1.1022018389298651
7.838494138763105,72.71759459349475
27.042500490094888,2.3817530561007603
30.38997993139086,6.82627085733809
1.202119831476411,29.0918785203729
44.044103865391726,31.52753256205868
28.782499230685676,21.133272096087307
3.532864020580337,2.5227105389764
3.5271875958655383,6.780953343277865
28.793265340117664,1.231335988569738
0.38973014236610937,20.075441987263016
49.170599372892006,0.776098681294829
34.269134259205366,0.8725627246347203
15.447322254038784,51.068192869064674
4.77943466975194,13.60775782590178
10.87224069432049,54.76612140901154
14.585228825950804,12.943290483976297
56.70534133966274,3.9219539136006527
6.789535300699489,59.990976099104635
0.8478943146185213,19.460939502172565
9.283255613809807,2.512484517529082
27.842640434887382,16.86495739341189
3.0893119379265075,2.4517123049799348
76.18816435751292,64.41975816697278
16.445684375401523,74.59299097095091
38.89763486723171,11.155546424835348
23.549334059592343,4.770579870239862
13.083935118772464,41.22980487482497
45.295905749117296,8.156491649732105
0.8229626570517184,0.6386415463881684
60.85531679891014,6.684745773201789
37.88995132313209,20.428300133207415
0.5045508186850162,82.08701338596539
10.046679750694622,2.8951841004114636
16.680156156865916,78.11759256350834
56.955935112610206,8.143614498020266
15.102352969623388,5.378585689595573
15.213989342362995,0.21906677319022017
43.37818449473465,13.674694514883596
82.61244491616159,2.4453533954432074
51.081455018688864,5.475324900425463
38.54734536284526,57.64394344654135
5.377151957715778,27.633732409586298
37.209847943199335,1.996243449262359
6.04634386211361,2.8878584925906003
26.03882073382546,57.05850051509173
0.3380145290171438,20.537036282948478
0.3426899398301747,3.9892405655042094
7.047133417468445,22.646405467082904
32.504244000406274,66.09106902614234
0.01236272123897686,18.18755893219933
2.3988324362288442,31.35157063115
41.23490633766706,17.729303974221974
8.318006184148564,20.33034220263846
57.68810365787624,30.30429054206867
22.29927934240346,4.494880317215903
3.96467385074939,13.77743757357265
4.690508525747447,37.63987759887019
2.333458570661202,2.511176916749675
0.29533520194805263,7.203012220014261
18.208819187893894,22.180964280817566
43.185666992247825,0.008768776090515962
2.436743162500165,3.7608920019737413
12.92286033638992,1.4382305597030185
17.37506121787987,18.982695263449905
4.802209296946778,0.5985413622443455
22.687017789579812,0.9526183983377947
25.896646065221372,2.118045724789419
8.088400492083498,45.987948566879794
15.664836892870488,36.54736922726808
11.475448897746348,17.161656015444404
9.775991944441085,45.6433513536254
27.299139088398356,23.32725641785165
18.704508930689045,5.262566928867648
65.5966986614959,24.87116879591147
0.3479670869266054,50.880172803220496
22.240221698354244,39.86540953740288
41.98232611970547,8.647821877773568
26.202924509395583,15.358540867535103
46.111950095053444,51.56427149636803
23.56315482390001,18.028722294135523
29.00503760430049,15.530035523911252
0.6576215708182376,17.785424733126455
1.025577052036654,13.525119052540413
13.279461393701473,2.804064461220955
16.428636502930875,20.625532732862787
62.513545758659085,28.713038593897636
52.3996122057524,47.99215352403616
18.484667157563933,22.32012241782479
3.2094944226641795,23.383554005441646
9.14817712572093,24.983505493994343
16.311268902648667,13.329781256895162
39.28469454143502,2.0996115595990887
3.1344671969850504,59.522385344324825
1.5034997500579723,31.721395667416083
32.93153609234304,46.895390845405586
21.583210516370066,40.98640493954142
31.256828762451235,11.981732940782198
1.9987449192377593,31.72778977314239
57.76064910495348,38.09347878019142
17.25287020521316,10.291317345469672
2.903893194485503,41.309647365907246
21.96753567934742,0.8441279164887668
43.26437126525312,6.229130542514551
8.10644941717314,42.26460654404576
53.23422845569096,25.61723380143001
30.202009909125085,2.1418686461216705
37.953711165198825,6.395153629446831
14.415785047721144,20.920445111095948
38.876471349835064,71.1616969233217
3.01282377418859,8.95709862636633
38.279055838552544,34.179341075072735
21.692270689433933,29.626986650766828
4.624327294816666,7.604243552844417
7.242692236105097,36.93544614933984
11.618197362393298,22.287203469492603
0.15289553611308027,2.939268193914079
7.0677572869916245,2.8032641937561094
11.298718656392051,5.285560006092819
68.63925726395034,88.21540775850869
3.6799928200447467,64.82909522448563
43.14720061555497,1.609392142245809
6.198614042106354,2.000180491775346
67.10958006413654,82.2827365836727
3.2509497290482035,13.905621656102422
19.342452012767893,15.672048075807304
1.3017796623638902,9.397562934604068
22.613352917062983,15.300324995701386
24.745403230630963,11.459420350727338
14.120784155148113,2.111380121432174
12.991972114745083,0.8435871806919374
56.05188006664489,9.621653911898425
6.461908169101313,18.407449532982643
0.43005565857521666,18.263878169469173
51.004759349517236,0.6766463627372955
31.4342211710424,3.771856655351069
3.1305551298299963,59.742371223623906
0.8955948155737995,4.004306158762761
8.937940877736505,48.13679439545212
19.976855297493305,21.304965169016917
42.5082586756717,36.010161928231554
37.302887718161266,18.67839884179132
13.753437925791795,22.882233073022743
13.762546477175581,17.396803728102796
26.324117818157035,40.566173609382844
1.6343743887142477,7.6312182225379805
18.638506501007356,46.4193346086218
3.6958090303871662,3.9100769142088776
15.831871765797139,28.695891965606133
22.221161313401204,5.915797307126358
8.418285572844379,4.811026437212109
2.318538342935434,52.95841383927032
6.2713090442313835,58.9811720997138
7.587323473906182,12.827650040536705
24.51286017880483,83.4143984066318
43.4855144599041,21.11805204536279
69.95531271133734,0.9761916781625869
13.04539042553637,16.43950537394096
31.291099021674288,25.577422384533634
54.508106909089115,0.29553765389846565
1.4243816469889818,22.03988761779205
34.27735334122095,11.389325752974342
87.00357065886536,3.654404915815534
79.22474246020852,62.116882025602145
47.78508388128624,27.341231860784884
2.596386725268984,2.6075070400251072
10.63753763056212,0.23829233300205221
6.3465176249639335,2.0660255590425316
25.94303852025938,17.228006009347382
34.20747484015399,51.69671230233658
43.912533416694814,32.177158289632104
11.189014693821441,39.60206676491874
26.52730400219682,35.022823024849366
13.046643143106621,9.478332075184667
9.146865392125004,18.67502106603466
34.46924746761377,8.810017879918659
26.059013625864015,44.03890627060221
1.2317775956666246,22.932474816057187
27.734721659977257,61.33864192166915
18.688116548402665,5.579973963825555
13.720175508279087,30.099979834603587
24.786941368184305,9.714065346114355
19.504758489837446,27.840782159339682
6.776638079674135,90.49598548696011
9.28024634027322,35.13871252735862
7.950309453133702,71.20272497243944
0.836056633878077,7.715344313085703
6.329011730289758,68.60673177125337
26.97305962541677,10.945251131661562
12.946179257416153,10.166129811602502
9.851775450297177,0.2551297792280629
35.58001679280363,16.6241057768759
28.721376265198295,30.411773057453036
29.997844247598874,31.544924765412397
2.5739697767414826,4.659806003116719
6.019435197183553,85.36060224321497
37.419138322051595,0.07702712676706802
2.6523142362646497,12.76230642214985
24.585647556680005,79.54751305471578
32.610633554770715,19.005699929611005
15.732374995564044,13.15007951396262
3.31380790864445,28.563111916485813
3.329526881715045,47.587275578150646
15.750581663212232,61.00139973366082
65.01321868644425,7.981280774974068
46.60409019875377,0.29001747292284497
30.284133280040383,12.038150634283012
85.95612907912424,73.94441150716257
35.52237390593458,6.323059651985432
52.460083726637336,22.048625200503192
4.745725947674576,6.0463402142556095
0.36383157094655294,5.89969039103914
8.231308931465321,2.994600980917002
1.9865568884309737,18.763732273276574
68.71564186047901,7.294375499412462
12.619819196857788,17.030609673698464
2.0563815937594274,13.13164178454663
34.4873145500276,16.825406063107
0.02341765957263897,12.455920661531355
8.686667709288619,22.61448267679364
7.274253712756727,17.674148053374918
1.9540623156800279,12.96925832843878
14.734943750140138,12.190754419370649
1.9429347958815593,56.650604914883274
2.4855457238583387,30.861378198636444
26.235830112352154,4.240656117951097
57.15649132291126,59.62920793835629
7.736268076950017,7.560269767361795
33.73475149918875,34.89654231719666
8.965513192770501,2.8429446879868525
80.13793571950985,27.582107940606942
14.815879808177456,15.990066952990487
9.266491721661875,0.9668803770344264
29.779197243683456,61.994986998288525
33.01528687297701,0.2603439842953218
25.940716838523997,32.490562565118985
20.434275859813013,17.045200189490835
4.548526202653973,1.088752890931286
53.19675399770748,13.187453950895883
7.1145851625454375,45.74483999548558
48.37108046948263,14.558555691394494
46.01855361143695,25.02646566064223
2.1854486387116787,31.41866287767429
4.100095581972854,41.8772401900188
66.37116671940966,14.220326627198713
0.5516673754306468,73.95337030703452
30.67281501965088,14.980798948356032
8.200908505110146,65.47489060021394
1.0332927672021999,47.23691096755486
15.797254775776299,21.445147659568406
4.111073053251999,10.343338816966453
5.2847683555822735,22.683569084430665
14.870685760642498,2.7306709305763515
26.317674001610687,19.311659180829817
38.86536750113457,20.54054475691507
0.9226460461491219,21.761227879941774
8.582058286037714,39.272511773802464
11.387538389324401,14.8879235328429
29.917309198635735,9.768870039693558
36.08134700670907,7.295374491190208
28.31987626885619,50.632920345211076
35.42543060007527,15.310654193462922
34.875253056694106,6.5632306418866255
37.685751769024925,20.02929514593519
11.610940599506373,13.370372871615448
39.623545176202285,24.530912075138346
42.30106896748342,8.020897110806498
65.54173128688544,29.847412555645064
20.331996431597805,79.68684779016942
21.75815131374698,83.62621715267522
6.8116749112199635,56.57797202765471
37.66588251800403,54.523698124277054
51.43737432855055,17.928858751846022
27.806812473057946,64.29995592253331
35.64914065000753,3.9711013276717093
54.259465146734776,2.902049514671183
7.364058386023987,8.32541767618553
86.36849582589586,16.151674066384533
10.243815457822771,43.272698675577836
17.14920910607089,40.73392795370054
8.628669300895854,48.741556522961424
6.186190967998369,11.21718676878392
8.892825999623275,24.560331023631417
64.21101066507248,54.840782405091296
27.101802625368112,77.27889529129975
20.654863570513342,0.5544295141250238
25.151607703423306,4.370299949240489
9.521733164343681,2.251464286724228
0.18163994662676097,53.37780566956143
3.448200900400023,13.9044053601922
35.1324874733377,62.92882910958095
77.48870661017253,2.158715836284519
9.609772179395069,0.137512340278784
7.110930389265516,59.20898085787456
72.7526924465638,50.9010388962566
23.733450302841923,10.505121837306945
10.482409596062002,35.61454112960168
8.525502553124586,2.2867479247036773
14.281071064908907,4.929280445495791
48.9242777187344,9.761755504371527
3.977646838737092,5.2148521140708075
10.41915611475614,90.44590322550344
40.72873650628896,8.18937211860029
28.74964149874347,13.495876287464776
42.67798641990413,10.397384773425559
21.75940844998619,62.01055537782122
57.876767027375244,12.319146601955266
1.6210477747270366,35.53502455401644
49.228121782115906,0.08218679259394013
9.037702265701913,32.96143158809029
43.206049976277576,16.579720975801667
13.379959102760456,14.182911839056743
56.4175842838906,49.37063995430109
20.782114979566447,19.267848758492296
69.3663925243853,17.39150882645795
6.274038311790066,80.6216056443021
35.25110429299752,20.801080316535216
27.720099789069906,10.323911809262123
14.041851292741509,20.617885964722234
88.36621613194777,6.6005103273754875
14.815534525918945,4.422277002063065
25.009079064886865,0.48069925295318994
1.3748975542467186,29.798985249749958
0.6587538681639201,23.640356731608655
0.39257113067115124,15.927359745356828
13.97746347850814,29.722010436756758
15.096931717140485,4.05860530749942
6.136100774925567,12.601204854576261
15.427670923875443,6.871393874265533
0.451775136162752,2.3901556264550043
15.201381180149317,11.926551548345115
1.8572497852801333,4.216301260355946
0.892610006395706,31.41847541612226
25.218630027127418,23.522712361968072
4.367357154304325,3.48572555579591
6.735321626740009,22.885478120563917
36.58341600621264,11.794682159953055
21.129865408530975,8.045411824707877
55.49784781517143,0.9538300441310182
4.760722036625291,44.84353558012893
32.674730706021236,18.479445006647918
9.780562536500483,31.6102105148436
5.040548393972999,18.144431313723356
2.9394197575743117,2.563575071308905
5.279290413535342,56.62910158875789
51.376787646090776,28.850585633881813
40.79345520759681,50.99178969904626
43.013806745476984,6.481829647117383
51.83767471572047,21.839755933202355
25.71422352133861,48.570548908326046
0.7833850961538236,13.487497354861409
27.719142585333216,20.877895743623363
63.28582966520126,2.7512024399332597
48.240698838485024,65.47657757305329
46.76158262500565,34.757433606410935
20.468400863231142,18.860725878093046
35.804782649249184,62.70183212964118
39.382843037172485,33.06591165482901
0.3001959072135628,25.05018409446956
12.055162577215297,15.15002609177626
3.088625222870287,21.35085862548822
10.18511620331158,5.6318806739938925
29.710637698475363,20.992417943541685
48.77119359969796,3.394770077107541
32.30396896691874,19.218845422414223
65.09934015783051,7.361106683945028
46.44505206708471,22.67705601509326
7.237406287322582,67.85989541213073
12.800983692989846,3.9380895177820623
7.568173120941307,70.66538341477485
20.335510589912392,65.09044179603544
50.63379291132513,34.66284176984312
17.954406633001643,48.9442790460687
0.6537117637867695,78.71608553380734
13.176284689283277,35.46828854812345
10.056224099707105,46.54001704727388
8.655334166649231,17.862714363512257
35.18495409258973,35.94801697846983
75.60020998327575,8.899441741355092
13.862902312420145,0.7012765863865945
0.941760599951405,19.18862141046212
23.38138578771925,4.637081044663983
2.1058701232384034,83.61920141987322
42.53321096545363,0.5016990074990569
16.02045466382553,50.06356938840061
74.67269867634813,19.71600140220265
55.71322085384373,14.863981089228519
46.964695465621446,10.325049383819733
2.821465550866614,43.71767670078703
48.72641785341259,0.44925492674117373
5.721484386220416,2.3337065816171667
12.902530440135092,1.4916590902386873
18.32634894395434,42.34005300269599
1.1919237380246226,6.445691974807188
3.058527869892091,24.942399636843536
26.177544658568035,4.383556630887922
3.2454690532346975,4.32588407397415
36.363611926686325,40.471879175724325
5.078635963166005,8.246192076830004
31.512431407873898,3.343069377023651
15.978585973594722,51.50186724681067
6.277602151205003,73.78866271752219
0.45157663930372405,85.32511000032267
7.140623522652878,2.2230176405426834
7.9123308771641945,5.481336358837236
25.23429867112559,2.267823723133129
3.4095291003276924,34.03403288191964
7.022258559171384,20.576444826055784
85.09979709308135,12.22911251645866
9.421815857592248,2.105387518581275
11.935021599945097,35.484466668926146
9.463089274373873,6.86454231087594
25.255601545876864,79.04975924078363
14.947228190654416,65.02200215161585
2.089017441944237,2.621133552009561
2.034566472861737,7.9474238637991315
50.97110813659985,71.19494078452719
3.5088955452263044,49.09008333629767
36.225699819756365,13.886835258564782
57.55890199459376,4.054838783012636
21.659648015830314,3.419915521407989
21.986662099064336,6.169725868596794
7.465229042463145,5.993469142776999
76.215367055086,0.5384235217460419
41.88570266319893,88.1853380081223
2.38194152185068,29.759596849118054
32.16239747300324,65.66775949479046
65.9323291740319,27.964771860024037
54.600119733103206,25.94977246766729
45.447109893971955,0.9850462528247667
17.220639345911472,32.50488883304379
13.214313571814127,67.80378882089288
0.39616421481059316,13.536964294618812
9.281765008612581,33.703110865625575
0.5754629521806832,62.82151157539634
31.499564986860307,75.32769675613417
13.647937109053508,67.65231965931908
0.5848703228972101,21.466273122929977
47.61423587965356,3.026394725419901
45.98617476233062,72.65594803601626
35.328494656834174,56.08476521587759
8.216326543717654,32.866585320463315
20.150701379077915,24.075953120392576
44.75389096946176,8.382527449907222
5.273971676938858,21.82296978825177
7.4489783196068835,46.69383566772037
10.482992240975188,5.820365510802923
15.352174556897412,5.487707401102381
2.170935622612726,24.597187295665492
4.065818298618255,9.9378335912779
1.6388675574768505,19.79685704457316
9.664579923512749,7.31464933594606
36.21913106311174,55.87602415799191
19.546151005073494,39.57147022666616
73.23642011524677,1.655665170388247
1.6202850500496464,86.65975678943185
24.072526263261196,10.80614476564086
62.34720635504603,19.874616799468846
46.740910367845935,2.033299214181065
11.002154891262022,6.859700159317419
42.170198889175346,67.54669146552976
34.638311352206635,22.364367572124607
31.224849204962293,7.129623055461383
26.857382336012588,53.40868100137008
25.88573717739575,48.08497369323266
88.95231969852783,4.655465864830676
27.375391776313457,87.87269864476974
8.166640491944575,73.54241546112021
10.249583408340428,0.8562296991431251
8.227727302891179,79.82057448893178
0.010256887249446067,25.27531739443882
21.42044974404085,70.44516583347183
6.044670348416858,15.221319179335751
3.882539543461177,45.53835874755015
34.407646183856365,54.26617760155618
71.518339019601,16.378345539501055
6.473558144838928,26.736892746100263
13.879977742386817,0.7059161717407078
22.536172566688037,19.449628206050384
55.090450784201344,40.579812053733356
0.2763179452111505,54.269254231479685
15.740259084992259,21.691984457499583
7.381595015946007,52.68285996767595
17.262471120176006,23.861404471708518
3.056184895311396,33.1802145464967
9.730990849696147,21.802940234147517
9.102602753733782,16.46334484537158
22.031304703411763,13.777552854812203
3.2110439600347433,48.37344872399235
51.5544555746902,71.28935684999988
43.90175070106283,93.78114504074539
69.71651113932207,15.985951300952783
18.73863879619844,18.783415260291406
1.6965462743952342,19.500048143309975
47.303557763643816,5.941204479980403
64.84209337030897,44.85569882080902
51.11529768214125,23.751695592132425
0.8824924561364742,0.3240964745722682
17.5048114085764,16.736772299967132
18.76913912282188,39.94448920571129
29.660383730425384,31.80420107512383
12.276619021546102,8.225611156997182
31.988849936309677,3.9377975633433024
21.315002098169547,26.054258555869154
26.147472014060288,6.98765786220579
44.64033238569562,42.740985582446726
28.7811595512968,75.84723473814792
11.753040691293094,63.26632631977371
15.117417191152477,3.034109109199348
10.315956257049724,3.278826622043683
10.095113263819405,30.271568460122047
5.011899200066547,18.898298889094306
48.087676848920694,6.814218041203478
6.651570086294712,41.142963650539066
22.935112966456934,24.6982821708817
1.0022863564472524,19.116943517774338
22.88433829369679,3.273927881095393
32.70618260829028,9.70353147897505
28.939931564778767,52.03743695303528
65.69424180471843,21.509669498873134
19.56040916948396,3.219800473840782
31.52731884492779,4.05097763614538
39.07137171108829,40.952418901554594
2.0445671887412358,9.379922145958693
26.567650042875623,40.475762164233444
5.056425441551404,45.34521409764393
0.2761906032058594,5.717364676256026
69.4111981009752,2.8884852465139805
12.232525439241128,0.53540546340032
10.458161503542847,27.579760613764183
48.071667371450005,47.62231991493283
31.058541995121992,24.815573383878238
15.406356540505614,35.42025548428802
6.26934387263392,6.600997588382778
2.656333090584035,17.41199925558194
1.5174703446240083,1.2211971762089011
10.63459548757037,89.62688595469992
54.8590277777475,4.369925132141386
50.6335138548019,12.628019577581833
13.128519503200094,15.980225914392813
25.615836214676676,25.31488254761139
57.70084426400295,12.691853103792562
4.917448822490214,9.554633884810583
41.817472834708596,34.478540372024945
4.016081893838328,7.211629621931099
10.020800363042127,1.3812881929712995
22.932147132310945,74.23700344424263
24.348722473854163,65.56492892471552
81.31140094435564,1.3696620444442371
67.60881812502993,72.3967569809652
3.208571621455849,73.7378368294875
11.89358854548343,34.43002299832951
30.67080912464347,41.3656877959675
34.62774462620137,38.31777724964131
8.132213055927972,11.694321688542386
8.37643259859514,42.045417096934706
16.954495914129875,6.294760723885563
2.929459775488527,7.97880423067495
2.759691619234931,1.9264664842497399
11.377143998373331,7.1046156139608385
5.498785037948783,71.23690041630171
13.90625565029528,4.1654577668326915
38.35604561281655,12.921550718655762
4.04056943163252,6.112307701315351
20.861317013433577,16.625928792390397
35.139911734421624,29.86109400099239
60.989324771206896,29.341094936256923
37.28284982773565,53.094718112453855
14.416943391501622,5.003524231686024
13.742246284430296,66.82094282865155
0.8665135818837022,16.693121834797708
2.865910659657634,29.148760194021126
12.981819118956928,11.990092380215996
6.788664988800805,7.285497943342728
30.01850634929884,32.04886315684596
2.6686474433163214,0.5150244217676726
14.063787165871673,18.543844536321554
4.80657841367566,22.399110839117952
1.3800853800639254,31.407027575566882
6.37056823026557,18.11531134637467
4.742804294064569,31.75482299512144
29.64104154035456,36.885668106434984
3.7411569818453927,52.94931634362963
38.38900463089385,6.146608761160794
19.794559423854725,42.636351155722004
17.625133195645635,41.93138143498702
15.052101495176244,9.433856461151644
65.60397676744118,3.423680259636486
61.653703329195025,2.947262966778245
27.828126050191575,1.9572400726686916
45.1186694234458,23.724720380081244
8.580660547404054,32.55839997127426
3.415604638859273,10.976238096160769
1.3098491213735115,2.2051016750049075
27.77342304239909,92.94656357810352
66.57973114608089,13.423629260822622
5.892175709675502,8.591098657891092
6.623604474212809,54.541458053414985
30.38365622113289,12.093200786459269
3.798633745499015,56.972271269789516
52.60878883986646,14.659017972858791
70.06194183307463,5.54696900609708
23.657821704246476,22.356596458527676
3.289747629155295,14.98954553319818
9.123071753485311,0.1332925120385805
53.825364380664794,3.034724154237482
39.30450487119386,2.7771352315917848
23.84392007122953,19.200903481439042
17.524942778265434,4.931201376424536
14.445732742331936,41.66281276124706
27.521286789998403,6.9416386713518925
6.160553995212682,61.73382963785969
47.94254696676226,3.0486264699220738
59.768759890738735,8.310694317514868
51.62116916165529,3.413970597251944
2.8196279055997637,15.923775893393579
34.440285817924206,1.1830408555812078
5.795083976258439,58.1574778071127
21.723896631094618,28.255824529135122
31.113494599757843,85.59607655611552
2.257811833116552,31.472847253707
16.737854804483973,7.139345024601334
7.383782707036887,3.4014816800874432
15.11502295915949,5.741363707097616
58.70151775670032,20.97914582284898
12.072233573115575,51.32697649331978
26.89378435051036,0.5125241121291105
10.931362101685071,19.80913056202616
1.777043130951227,4.584869070100765
26.945623819742007,47.285716617116364
13.2938850715805,58.85264250910818
23.129830450327763,48.32010782429808
1.8157659674084963,18.83843243089622
5.219684026777217,66.31239440639767
15.126904086597937,80.29565806394211
10.25512531242997,76.05863163247815
46.938043754182914,0.15085351139103098
56.36253360411897,85.31740016825329
33.91164523651755,14.42259869701472
13.978620471739376,0.5264718982177369
73.24600924098333,0.4506368543841133
36.66989633016809,2.346447630031342
1.9041515940218634,5.313124684828841
52.04056897525257,57.2182745284106
9.257179809469726,95.9432942950362
0.8032503898553196,25.156679169555023
4.6200964055513865,11.01757054765511
11.585486468777736,35.69571560784237
49.75054185949008,1.2776577467943033
54.441475528453296,1.660170384078866
38.56969080028074,4.222895849595532
19.532929445850193,29.07707903955637
62.185305054490236,1.2630798315187315
77.761438107844,27.70678323064095
10.587901023710199,43.99351120152974
57.53056479604539,68.51093446631042
7.857006137818898,0.6191219243126506
4.605962896352219,2.3300778461279115
6.394195142677596,18.421085002054305
79.17006984555097,38.493261868950896
10.85290574180107,2.4632983113376765
37.044787476112724,20.845697745433256
45.70376306261368,35.9773608660919
1.090580990383399,41.06238721950004
15.198121777039688,0.41805996294146575
0.5434393182189398,2.988811535384477
18.886619039676102,13.983390131014579
4.755143655176424,0.0005584066865099713
0.5215052212899048,6.348015442114312
27.524456040358164,1.035891231290416
92.68604477554496,25.377280682051822
1.888644861396188,2.2044138374649624
12.18419570551507,4.346260325936165
24.87009147535872,8.984461954370998
28.794645442302517,26.206770467551518
28.963558895424356,1.0696360048305396
1.8614080891978628,32.14061114437431
0.831416897039054,0.49746360397121503
7.82686362965625,7.927495037912396
4.56251588075671,5.085419411829527
3.5618600069578843,0.3473113597778137
64.72483095271782,5.6016500393659205
8.083454610729067,9.935622760055766
37.88854227418616,13.188079381891148
59.94612700224764,19.478135103046167
41.0844540784895,47.005479781330244
67.87870011527649,18.39887765068297
8.44788816151192,61.14507025691657
32.61460881001121,4.80820729988794
22.162100530164775,4.882472762089771
29.62679691209528,23.20827369435502
29.483950759577667,59.60709331193544
91.62521924548334,74.94429399868879
19.902054923948196,31.970952730592206
10.081245706584536,20.663248041602255
12.548204766654603,54.172620869535585
26.34565235038048,76.75632578534638
87.29174197162092,43.33374844832753
3.649549671898261,11.250304169530239
5.009721222553938,50.31674928446094
24.735058074355603,44.41210259297693
28.449455862138937,54.18825487722206
34.66924299666644,42.745570088718814
49.14951456287157,28.318318437645193
1.1073544050277122,12.551948036034158
2.3048392203065813,38.68828156304322
37.93383789403226,13.203780882385741
2.152227594569866,51.138457991414796
26.122662046997796,36.876389578581836
19.449534144647682,3.4851181105178335
16.32416068897252,6.308970545664888
57.498232652629554,7.5764852398705465
76.56717004880021,7.851192250827767
12.078718036023902,14.766812799580208
5.650701771107618,20.146444384115235
37.937680326373034,5.622666934296679
83.38861722025958,15.824392476223952
40.15250107948853,26.711857886362036
14.825520427000797,7.776870773297773
1.1835496347109342,1.337822653524793
4.700839266290821,11.29299926462297
40.64141524998077,42.92674607916153
7.541311779165789,4.6550451933133585
16.356033353135427,46.37159671145433
61.30700316706391,2.9741101241253824
7.846545529952853,2.9437827188541474
7.118680895703852,22.09569422204841
34.41709295466645,56.045719981512164
26.687850352107898,12.066216721586803
29.250020928221236,9.857417557878861
1.1050414722424604,6.155911471180527
0.9041180184920067,7.432713136650168
9.786084458808665,29.270435333528805
10.673396653260113,7.833903661389783
33.04538612469737,32.79283680957271
20.430631402417998,2.3836899047464843
34.69763576850154,42.57683173167436
43.887100702590885,26.393988221307403
25.25317760357615,35.16453697654717
9.970687893451835,8.074663107690773
8.83640893301595,3.987782060235011
75.05783063151087,12.818053392107966
39.4802440142823,39.39958865341944
69.10359326574086,39.17370424242206
0.3982391459275193,2.7788685001662943
42.82448939607037,1.0179701025281305
3.7983632431417584,17.50838889144443
1.890826600122879,34.59972079429027
62.87785657089513,2.9692050451666816
20.064691466428474,33.28191461582719
34.262579931753244,11.036912423516872
72.6587775486697,0.11861750221412959
42.98384214377172,24.091186598260993
26.144626452020542,21.672335160074624
9.726900415521818,70.07388803359716
64.60665722573206,2.1042176014530822
6.964921910530386,86.57198861783363
13.007500023689271,81.39985011369863
7.934762441053141,36.64159859602587
2.012692551993759,20.697757671770802
26.948493980462104,95.68154150588252
15.426150436412211,2.225955822066311
12.727582173984212,8.32099105449198
15.865256333959918,4.828792279109895
1.7356848979577244,29.79167669321717
81.03835939477726,54.22327904866748
32.51920041881909,30.58110164769214
9.78864085783533,11.807905721460655
32.42911676918499,59.418361364564326
3.7896487213466123,52.97283384286232
19.145724611981358,1.139690800348122
29.20632116324562,29.698807825134043
2.941476031783362,52.35393014858916
4.626095941256482,13.04318114064991
6.247860099131822,31.559075478581633
35.66611068489009,71.16256456443209
2.524987224061495,19.166142795058814
24.978468547203107,3.8533261375942174
36.852761806250385,22.5130664320182
4.524815027945875,21.266764136257795
9.314687967601722,8.503144477308798
72.40630065838141,1.139657174695456
10.77491516641807,30.45050445833284
31.17731644558812,48.37562574865729
14.47203463413107,43.74823150037635
1.9055869711492792,19.402431137856137
0.005484400452148597,2.2292264891556695
7.688498909654124,23.233501375802007
37.67439526461872,10.828562475161597
77.23617344049067,20.11049039669157
35.02100493522726,16.177102825182665
38.84059213038621,5.7357114588676055
30.504684294161923,3.476445794588008
4.273855125101198,12.993138619899923
38.382608858985904,38.13740375344191
0.3449283668683062,87.66592678039284
13.358772869523245,0.878913960157652
35.240000210884,10.454982023088883
27.92275236289481,6.641450745429014
20.398005693398613,3.968021324728259
52.95568979410409,1.305494600467755
35.64588932065942,10.892979503840225
22.408751608774562,78.49740632406223
6.899456864171008,0.047702964305567974
45.459399329495795,31.23265304464647
46.049415273271926,46.49268591688836
0.8546796659425093,2.6698074194026176
56.25421786150408,6.918290762790303
5.0574651916222155,5.2128088872012315
16.985402422002146,28.918766368369432
4.652619221799783,72.63000447006968
24.50489214323857,11.58048276197007
38.76271179149511,9.183785100546412
5.433999269389855,65.67932707618327
26.843695569643387,66.06354077562683
24.114348547417258,44.545250933157284
16.589671057374726,51.128800914828254
86.12019279613912,22.709715252718023
25.64241510353802,21.814852837398547
23.789299212031057,49.296748712956266
46.55885345793063,40.98818075752967
18.08849618128188,39.136469645716566
12.789023049342097,95.95342680295691
16.602057821638745,32.91529784285656
6.405642740801318,2.818009955693359
11.335952657604505,33.4519183682471
20.860862671855514,44.46676314804235
0.2863263229680414,9.453424902852886
20.453392565407032,13.311116718194379
42.052312909134564,0.23287352662672078
2.894279104877878,37.4114786092453
4.937456500044136,0.1072765148460385
44.58718656902107,5.231463404641489
22.67962026006962,12.76980052006049
13.711780817624208,2.449751000218897
53.57879093276278,19.391235426139406
5.3247824529948,12.421059519167883
12.455182992381284,11.116572747553121
13.54346706795042,59.32423690062475
12.962305252678368,0.6099185413077072
83.76284541153174,46.8908573228517
32.93955378547607,19.650560514317643
59.257140728294786,1.1072274013382688
43.39181450648909,55.602582542129056
27.72318053543031,13.49882556237482
12.953521554924768,0.19029282165445638
15.142984577507754,17.94901328525235
56.37521024133714,3.6005477771551986
23.191789171468976,59.60762902905498
30.06121843325513,20.752012696878378
82.36169544711245,15.920324061381026
17.411003037912057,27.614475309438884
15.197432393650542,2.2303515337607904
40.442828888757255,70.99869778347554
9.427934658449145,1.5090898066202247
20.90484735557653,75.67764962181467
42.052851802842014,87.1320173030374
13.951841106047349,54.046599810429484
65.05639698213747,42.60135751224886
1.906432345981922,36.57687780110455
7.695281822827766,19.115349200856816
35.87062978304626,5.359752229429838
52.897518929037325,10.274957270501753
2.4034712033284755,24.37026475087464
20.703836357094605,15.36590305270647
75.47872265875486,36.13026594887701
23.489101283242096,5.044837434480862
0.5105026646703185,3.5461155551014913
1.4054582484443894,30.44228568848901
29.708078012302522,24.220114898579762
0.560639147115743,72.69905812810673
19.782569183242316,21.090615644665828
58.322245613001236,68.73985156205556
55.35351131510497,45.5859323109396
9.544317531510242,42.55512658124325
77.6131804599343,49.171458607209885
5.104660362597956,0.5808113456574562
17.708719225818594,70.23831434786209
7.124565019077024,0.9588548343609719
62.36528877294332,2.297244955870438
78.99829555648542,6.514187009967098
6.058925599065102,63.05853109324822
13.16372301782121,4.100505479352605
10.676054393792754,22.38407796828168
3.252100601689664,86.80008532882658
7.287083039094441,24.397963741654642
20.431572435077054,41.35924072856584
16.373095109163547,17.75130404510928
6.962627986359841,0.8247397350219613
28.114446298548653,10.739430595106557
4.198422571281284,44.07235663742538
84.26571283226194,26.446617468304545
0.9301139144008457,12.061246382121935
27.430338507733232,0.07021779345365009
3.4714742218414942,4.829700882716766
33.349730927609926,23.244619809022026
1.4267015823642346,22.600485977547418
35.11490753948681,52.581455633486684
5.72354703872251,33.26404487953306
12.089174111784592,26.881598289758216
73.90004465283421,40.65592421688394
12.304380109143391,1.606280204743157
11.894588037129864,4.4616653692230095
21.612680918128213,0.7672148189895844
17.126647561862654,38.48426807808382
58.82997674673263,17.004972341740697
49.98856602068639,6.99246854722012
4.5102636943366665,12.502616026666187
37.769162615740456,10.581664517492511
5.220008274396181,3.5025781659525106
70.81120677075921,68.42784397642039
2.0748138955429765,28.053424307371834
34.80233077484127,5.088001491969631
18.05729612939384,9.150097395855697
47.4581010769917,16.783694175433922
51.73538001101177,67.25782758171749
57.982351740476545,3.669033828600157
25.333515172806326,26.963715365664843
76.49634984391028,21.184404169198405
10.991510847729128,30.9958975950069
17.329942157473706,3.2194808497527054
39.03605612022836,9.431483185493844
31.738639883294436,11.385823673650878
12.844031735727295,13.972986412887778
30.992200778637407,84.80614027728616
5.5263861605648135,44.53765580435424
42.378830760083275,20.01409863646491
35.727251569479535,30.05098415905428
0.3823211450207995,64.78511217755008
39.080671389578725,15.250860279415354
19.423481746686427,9.061267581909156
3.9363655887331657,6.716949714162494
9.316273549021005,12.583370873404203
17.086830783733443,15.33817227802385
0.3826027921005579,69.15959944950015
54.64654973211691,5.9705184002954566
6.861495412845831,0.20825619701060905
83.89012123353282,39.58146159828949
28.185545345201298,27.011566409032447
10.451918347979406,11.830215367144547
0.5824582753923336,31.68481855055783
13.876349598781859,62.04146428363623
12.922378116352345,13.590862745367836
1.3511208020930852,27.2914089530397
29.213445306004093,46.078082640760265
3.0759925418131138,18.65432274215502
2.8637362666523587,95.91739502751341
21.11092115128071,69.82196198911281
18.207187697832968,8.08543601279302
2.8093713848452975,38.86082362002802
8.664506351162768,76.63988005521331
44.18266976003197,18.820596474372437
9.441741723085768,60.69151055627435
3.339616651876113,34.05193203059823
21.061811935227695,0.0013934825833294973
3.3098735135167563,2.093483047367795
19.40436033828804,72.9531117980814
54.86070515728049,17.535854325183358
27.189529307729142,42.46931767150366
11.877793339386828,47.60835385485287
4.3395864896638265,3.0227868641192424
13.250012568205229,15.44313993360763
60.64114360003572,59.53741531474839
38.94977257713811,10.32222605270855
21.31379793059073,34.202017584161155
50.33010712388774,23.428614590044983
2.414588070916731,6.81317586510555
44.180080143480374,9.031355758205024
33.27813910863537,31.62383682717164
48.030095086179095,22.457175424481637
8.137739052043068,10.010376092243263
3.955606399489666,9.358305163569133
31.22778885892569,3.489038834751313
67.53601439485853,21.38374274141315
15.033018394747945,6.9356992066289775
13.95688553793157,33.034379179748946
2.1311411243361826,41.15967963954888
4.730884182255104,13.070177890766985
0.10338327208826914,19.39930982637977
0.9971687505445858,22.704062707816828
11.409803377680978,0.7409729320206364
30.337783566596574,9.302080637437786
9.373497137718198,22.070932144464166
55.647766060302224,0.1327152173991275
50.45790672942494,27.818486142158154
64.62484811907113,16.530694074355637
17.069157065700328,32.22852351927209
1.7398144535498172,65.55816781892372
79.07199390213992,2.401465412804751
22.689608215097632,41.38503484881112
17.77324457172707,11.4461516877782
0.37545191873171824,33.12638037101313
51.0184704696007,12.798118178137276
93.96318763561754,3.103970865070832
3.1796175130514435,54.25090460524993
46.567945669295,2.7728236306306924
72.86003063961574,11.614020154678911
15.61889014940247,2.6390320113712535
12.522601138668541,30.148029119831946
47.283912883891695,12.97938022113126
48.47458104121532,19.75069779287995
1.6048348236051124,47.35515889415478
32.079712014123444,13.004652202243806
27.831093742232362,36.972306118518006
6.35808083543707,35.28479740110587
4.124615818451326,0.19631570582720081
10.776096265953262,7.758970010593718
25.37286085808159,77.6688697520882
50.30934205561447,10.294107853008764
49.873659353752274,46.25149740107985
15.357744245649238,8.478217652736527
78.64391368132439,80.59798700920524
31.16616044548445,1.556723127701706
32.457995744658284,17.50278454733413
5.0936916969457,16.222304088046574
55.68517891845208,2.9660155349391046
10.568527017076963,33.62290224905572
18.942221871903932,0.1486061162843959
14.475807559217815,25.426049831160118
9.37294498466761,38.89541645701911
28.231103233144616,17.434592951946584
0.669605822573841,75.23528869927176
14.647790154488622,14.341623018801965
11.504730725309827,13.472762459960471
45.5490095902592,11.035250318023824
83.90234655973019,20.51112603099948
1.5150594358470348,25.549703311899325
0.9612370691495825,12.19664997794456
44.479226508141636,14.373689976617323
63.83965506165809,0.7325240389990779
2.6635110247449982,8.606615441063372
55.020924556986046,42.64240265196215
16.368574628971253,78.70297866793668
1.972447159623138,35.265343954144626
78.73963438224926,5.245855352922156
96.54000772002767,41.68577018593581
16.22479431161089,31.73931168625499
45.953307876745754,27.240924448864604
8.888128816236577,8.986136522049282
4.101032030256856,5.588984463134811
3.754471142183312,1.3025593215978277
61.39365539000544,0.05792699949659108
30.456443444912907,2.7109858606352013
16.532647408039082,21.62252692876972
39.209353532175776,24.78159429231222
5.593050930600498,22.480692254085238
43.1036285801189,4.005006358308508
0.7048945159887516,3.6043916406472825
3.863574708460347,10.79462960299463
27.2265985658441,1.0499502803314193
26.626696468763623,17.511139868423424
27.259726970985177,72.91830141476926
15.517411775156223,55.285701335770156
10.433442261321852,5.614832810073908
33.63411801211882,0.6243969456122165
7.616745736363651,15.869438198316839
38.619283409808624,38.82155873347326
10.495040152378774,34.283957501925016
13.04643378250565,12.4992363737668
29.26343534417446,0.5731281801321193
32.23794817748707,31.352684246912972
24.083372207043347,0.38174525902278045
41.19614564950003,0.38810290201704023
38.13108007641142,31.71138344384972
21.637453731090897,41.00830617111729
14.42730353829857,21.011621272957992
36.87416276247435,38.19333729119933
33.21298569184443,20.279859305023994
57.18536959902939,27.531386531517647
2.183155173333298,6.256822524050294
7.377703095649986,5.488555809425128
5.376809696829799,21.99883872551485
46.72196122734089,38.924851127082
17.37252524776784,6.006206825340235
4.594468181296786,32.03214330175744
1.680084812264059,33.66148620298317
0.18704766005224394,31.240883235047097
9.190141191531186,18.597413165202152
13.016111803922138,61.21482502732647
11.368864362068953,48.10914417977078
46.51085177998414,28.80893871751186
24.493140583495823,12.436188809692148
71.93888629634252,57.17171179389819
19.676091046956707,4.03137351039598
14.878577470416369,35.39699364695164
12.443232710693508,0.6605945776497054
64.81803561563166,14.035916769815547
31.049644937154014,0.2804539100802461
6.833624861727029,77.71275138442734
31.596769332194928,6.291269634809699
78.00176034310172,22.46464678562362
1.9114130520739665,2.581196717639934
12.517586347400057,6.3907960799794425
16.14619090116292,66.10917317244542
40.36105263571391,81.67238211388623
23.563703834832303,3.116816870561501
24.293584949512795,2.3514931797233345
0.21571774570392988,1.804294519306258
33.177140434283636,10.74164940789435
4.310611405186804,60.176030223197245
49.49512323365485,2.055589421503687
58.54230062729952,3.872906995908895
4.9329126760928865,40.6435003945445
62.45185141164003,11.546174684360244
12.313822925810584,45.294878493466
2.4342959031048044,41.94288835875037
48.08897670636497,14.062462811562394
6.892369956211958,7.562533564146997
17.07698323646381,20.727528666334727
2.834816354724701,6.851666070614785
30.476044546267982,2.023112101635237
12.72816809456509,12.023377417185722
5.787843852879297,11.54427630424028
8.603126596061097,4.9529211194142855
21.83386170309943,23.829900088307074
18.47673663055786,28.364015585832203
38.93548110812337,36.46494595769627
64.32802720518792,34.73170218250438
0.004024754601927527,2.8433329677681782
59.814119094465404,4.317073749621224
91.78068839769722,15.808613392006857
6.0177991818403,18.394990041505093
0.041890872027188775,52.91147611120785
49.01598671454695,43.17107320829046
77.52179000221695,15.562535396975177
67.35083368628302,15.131937497974633
0.39474723516268273,15.40064583305651
10.353717308822047,15.748309452598743
3.9248391297240053,55.76202551579967
0.07109980428072205,21.453122214752042
0.5289180330455612,7.05915047567864
2.514556754856739,5.806114067382086
40.86642175623863,11.718688330521822
35.25509047753229,17.63759781324383
16.978223040387086,22.028539495479425
37.09880860911449,12.738475785408282
29.643513612791438,0.6665422243496839
24.094354262224392,28.581838449780058
0.8852531465794404,55.12026866412757
8.86275169636423,16.668019288586642
32.94619948736001,2.452920065679961
16.32048506094993,10.918415364484506
42.966590820038164,47.50613278497214
32.88651066479279,48.198010107366485
70.7437030993501,37.25940723957594
14.422334606911337,7.430055351347963
13.395554709035505,9.802093470032448
15.58468495201189,2.0417860255486504
90.64847957185933,1.6778409201414126
26.71116496994803,50.86644756143654
19.76487984390617,67.67466291741493
39.08377812439931,1.7162613708978163
37.966616185146435,9.73424436653376
32.872399230342886,9.041824376031776
64.55873824281313,1.6590683665639316
49.05778174471545,8.382666053014022
18.638626240248325,36.950618603567136
1.4706107570760447,1.0219341356240164
0.7445404520627918,4.072843564031246
51.68902427238914,91.76160727847028
1.366228200149997,20.73342694864765
25.19558756160994,66.76684586172125
26.884441586172965,18.798517991410623
41.179342047190175,35.604974966501494
18.890246325887983,58.2771625961116
19.661940265113554,42.55361151007485
55.50504645474059,19.06568752304516
11.97652263941136,35.92091736926591
7.159046878894214,26.00588213214243
14.799230355002052,3.6630216904017123
29.900404727409054,51.73913942623771
18.30837485446292,28.944273466861
11.27674109206526,1.3535267994365836
14.747835633754557,7.037440712756769
13.208516075372799,11.014174151172126
35.4153901086412,21.117452565225236
38.41617255601645,18.438533942141333
20.37203831033959,8.18143631003421
2.6423456659190245,30.478114305315277
31.75798217059358,72.75762021220338
0.6614945170420272,67.84959415308249
75.83032579418783,2.790275578715577
6.7740144236285715,49.664980963975296
23.393947657456952,0.4315058738136721
41.63221647445548,70.58823057327092
4.226293637077349,1.1032025432571495
10.711922089408088,6.802862232726717
36.794637639975,13.566893740261602
19.289100492608387,9.70182030534866
60.89323989051468,4.236869765325758
10.552434768460996,10.335022571275756
39.85628191555496,41.76212720156905
31.969068368727385,2.8650970560376643
0.09731742457137171,3.2209602146982936
38.59849561021206,67.99804936444983
61.41573109620166,74.79960151249495
16.542853408795388,19.229641951419143
9.657753001973724,8.385480373762562
36.79464763467603,39.69139630742459
28.785884430802135,62.50893143842309
1.9501102203664074,6.742564174125411
40.007064978905284,1.7811906060464304
50.84710998328515,46.11552436056204
0.20806203206147822,0.2930559893004858
74.77645554072147,84.28378152692248
2.9752276403589772,19.426033964105088
1.0935443197318262,5.837518019809234
22.96834909709248,9.3352758424578
12.017356863857097,86.75946235742457
66.6003178196634,24.299160135097093
1.6261142386830163,10.016066654595962
34.196863483915315,31.83306037920982
59.95161746008065,39.55233749602318
5.91790904115006,28.626894037425526
28.000269667181133,21.071286869007185
4.426626367965404,4.124754148363006
5.986043846657591,4.247250882574955
55.16110250850331,10.98036073559746
45.92900703659407,74.62120732054228
73.72384571078028,7.88282931191764
66.40964229896524,33.60229143181238
8.888108441184794,50.94500961708802
9.180381324569254,48.4776903248115
6.866644284710738,1.1921468740166223
1.43448915731588,14.858734509454017
25.85938976940775,50.37584894727228
30.093538152491917,3.4715173964461488
81.9383041391151,74.2675021802774
33.991563966766144,13.230197374797397
20.932256433473317,29.147016484633305
26.611158441534474,9.470501054372889
62.47251576228613,63.45329354131395
51.479440083082736,21.242843774978
33.447603224327004,68.76860448324587
70.54197412340501,26.092458416055294
2.3970419682638853,62.455908757186755
23.30331157758084,11.72601982105985
0.3670989043437288,28.28537577489823
17.671316784325786,27.034382001511144
8.70570800783946,31.695843132539675
27.070907098085844,16.805035642064492
10.879444064688807,5.309760634551007
10.13949312284778,1.330009906397019
23.097255475718455,4.465104813786117
19.281482859089902,10.331798812348666
20.75207772655558,74.89719473053852
46.40254492352969,49.074468407792764
8.298817005943226,79.38414544025329
85.63687006660317,44.695353852838984
2.0487062785448673,54.16073754364042
35.66758521283495,11.452564537585216
35.41066853837809,33.188903475759226
8.473055390579217,26.101446364327582
0.37079389124815076,28.2448957866359
20.695275930580003,45.531730554825714
22.854235345681577,33.312734754329554
18.790042659419672,28.54141121529654
7.847346333424521,23.12790691779083
19.466582230570186,17.891830693081303
59.273051030512846,19.996553474289826
40.24183324051485,17.949490971200245
63.54047094773736,8.194310943283906
8.70152890278254,0.3628119676734928
43.21759724213845,63.630757754821985
19.52810735304817,22.08781355632415
8.096638364043148,75.33393604674316
19.101223299970812,51.866862086303875
6.800792848996225,49.905472208453396
11.009815373754778,9.033210516438805
23.22758176402964,2.3773938730359054
26.364486040932675,33.444851203099326
66.92396551099947,54.902480757985515
10.333894539487686,44.82729331907681
29.2831819274427,36.08433853282116
37.105530769565505,65.18027179061154
40.71647301918314,38.19525235458125
75.42118759543688,2.097857467648633
53.96160865600425,12.955841264960844
5.871496476484017,0.702126543506838
3.503760309323555,27.67955186698301
10.893639194285827,18.908710532623335
58.40672873057543,1.7850297293887878
29.002139848384612,6.94725668746063
4.613531730894479,15.478445614930243
2.731320597265804,13.001537117658057
15.816156188500035,21.3232948568084
44.32751255038979,68.58752930003088
7.309220289464778,1.5287187921576935
1.9711338057699823,7.808041033679698
13.313138395688508,15.712942495845352
11.955414735122481,13.53657696095781
54.482947586118854,19.199942452381627
32.22345709806579,7.176491112231101
8.388832197703135,70.33590041322411
15.334488563502216,31.33461561409567
39.99111785042949,12.509954841373656
14.055053870488644,49.251790693379576
50.35324818243346,35.812962067412435
3.343173837238088,2.820661268681883
1.1636737707747713,2.141885593313227
56.055549319891185,19.75609015533368
56.170533017199844,11.225212462967486
0.27307872751447104,14.373407215781612
10.122998105193886,14.541574256218173
27.351734320685992,26.967572479400882
22.373727799468,67.48813816593957
16.578895725204095,45.22028923526934
5.996793660719457,13.899906016712084
5.299972905666303,28.27675992572786
32.46760586720427,26.637505749742104
8.724883058675942,46.844588154702635
14.13525170869596,63.56316697604753
13.484524703425752,3.1815651403411387
53.540838686912174,40.40205168273253
23.666771795579585,18.885879588768862
5.331753805451396,89.63571043048407
1.0475796822389234,32.02996817744492
10.834014198571207,4.435882175560888
7.493782749152916,63.362945828431386
16.998513797911162,33.466591201768516
29.01759418652471,9.744580234854249
17.235018911268067,3.3886623097716067
38.53698214892319,48.23229834780436
70.02854712177162,18.805395458794163
13.808845850034311,66.59076829026547
28.56943920126544,7.300087002041149
24.830695436868666,17.831957749675382
11.002727620293701,47.91397952344114
2.7725363442225968,8.139133390527004
0.20792927274786333,8.266822654753271
46.881246692456074,4.409218052863513
0.02612884211876776,0.12184865764266317
46.012517455589816,7.131447840607573
58.38383428633708,52.02597035800119
4.175111152344288,70.95859705887723
35.626253895649384,61.310057194670634
33.599983592899335,1.8313777422365178
6.4223338172474245,92.87717447484873
19.579716012566813,65.45145053061668
34.915948928969584,48.49876108625889
54.32663686389193,0.854634919263326
22.017671185899545,72.69966483429323
8.426271482000002,3.4267336410524654
2.1652641142710234,45.49442854818287
0.8799166665203056,0.8248826491825206
4.372778564999933,4.314303765797562
10.776424719627212,5.920806410464573
33.540956587364086,2.9242243268667854
21.502953024715055,70.83539799496391
34.99812292504378,24.51208619683008
5.887472983188162,5.468234219290571
23.522500288612118,56.35797085767612
12.448594372499194,0.9963741080169151
38.556286215942826,10.522187749463246
36.823360190912176,45.32658255108448
7.622769670603314,8.203979775107182
67.87514616907667,68.04810743709643
13.678391062781094,31.088688224323384
14.76466249933396,35.95600254779932
85.54652251702903,7.395953941815992
70.68273279716739,11.110934311037719
17.0245689645064,52.28274794003125
24.616985102525557,40.40944043575806
34.59786498299337,1.7973771292984726
7.473308056098696,0.7618556986229774
27.49067494955931,19.710889784929833
6.659331111159782,51.56626968719765
34.082565784929024,71.60743083393913
61.190796668371206,1.1208985830295193
56.07608703352939,13.213894876769963
7.091998098129179,76.1524099353316
13.877578655142814,84.44410720433635
77.94913108595522,17.811454511349766
10.571256110113069,3.5758106680235096
22.2280971850854,56.63381030994075
21.55395835866054,38.611466622867596
1.1439128413243778,2.2082446254979544
16.252274661658237,23.216678357204312
35.69271681075234,9.040290209348713
16.26996116598984,45.2913461799932
38.39799066891766,43.285270180736255
0.8114347572564826,50.725878260437284
46.07571743968761,33.320787005618534
6.2015335337568445,0.8132028490608325
0.8535298705865941,61.24973396129853
2.741469133073849,46.71194571382551
31.280459463599932,18.591076855245824
37.54763809144058,20.25987332374164
0.6141013008535817,35.232952573891694
25.17971146628046,63.15926889228275
6.230373393138794,17.814561570686365
28.10851949474564,1.0277516785192333
6.329420100456262,31.465639253692114
7.937640177240673,2.3084570200538925
14.532712498620814,4.707276185152378
1.0430725031745698,46.41201556551263
0.4247826567133234,18.378485589938492
5.532471159670719,12.260073506775077
10.528758804239084,7.664274710144854
38.922072124252665,43.29313301376645
9.083626139869297,29.40625091746089
51.132603953039904,0.9960767436125827
30.71434659757671,73.00143915813118
60.1597877786673,5.401965856362541
55.440540826126295,7.111492092758011
21.990507421727695,25.58587685918073
54.56749873450489,25.205892619003418
0.7373943981473313,46.21771446128532
9.253738708318604,4.3977388798450106
21.983024267170723,39.50412742386718
9.280287690834923,28.864360435254838
9.40409775861552,0.039320139529457454
2.514380691196931,23.559857434894198
0.11080377200276315,12.55361122297794
17.77516657517113,17.339169325467513
21.85890026478179,0.535314076228393
25.15054874779825,18.756319676226717
40.616231607904744,3.550895960830766
84.17396432008914,0.7422933736949294
9.752436590258128,3.105484396735139
27.09238402927378,22.3542894256471
79.7550411233137,10.068266659295144
70.86311536420055,69.48406416279532
3.335012545990698,29.418555439984523
4.422767975257419,7.33536897398554
60.64655458325457,13.95687988911481
16.66474075404265,0.9793818936058518
11.765108994228596,7.923176179998873
47.56590461970177,2.3958834089073227
62.60709447869489,1.5083406973132392
41.463569073515416,5.1248331016560265
6.447508965440611,5.580945426043854
17.315297040647067,27.14395241193475
16.956167257172957,5.887465766833563
85.67663536588348,58.17741201986471
72.85217223171507,1.2028515053700246
42.15729892470692,63.785164497492595
30.328110834381715,13.918371245560639
12.418695718829854,11.016447128944007
39.00959645503753,29.02609857486099
27.380187177660943,74.41216007881287
2.189577058064958,5.230044864046273
7.739637666207372,74.23920950680686
0.3198777742906034,37.04934653767019
20.632659383694886,27.67162750253259
16.76084816941563,42.52848474562467
6.755634494296533,47.476154825826505
42.2201135097802,44.16609864560681
31.379397706481093,7.239246767536699
54.62910489299739,32.577369830933456
15.948762774462274,16.65548777222071
25.526901213859773,9.966164354201434
23.127403194452114,29.62417831427305
44.411861243996476,10.119824252586278
10.093009839196762,20.831053621584026
28.94414449751798,50.537203188678156
26.420373565870243,46.584004546370366
11.294951708107709,50.54037568931338
34.467412435454534,6.445585995089111
18.400705389371268,44.88749265137919
37.20771323302801,12.063790200100367
36.74144504249206,29.693239385872264
12.273987449020561,5.620928670048668
63.00194297176331,35.555856129686894
12.720239708266696,60.70640275760381
38.328897283798696,17.48259636729218
37.774166970993406,2.9874387514768888
6.272488328907626,0.27286587524563066
6.5258776433645975,0.19548247857284062
6.054918959082299,28.62950904957339
44.489236022963226,0.977729346559153
0.7242483610166897,1.3528026792182608
19.570999250659455,0.960090469063648
75.64716545972597,21.391125672139157
36.5801452803134,2.167491364480691
16.338679567746375,9.898904152540144
74.97834459408595,22.08406279883545
78.35864231313568,6.185316807505455
4.621951856878447,1.7554579943205417
21.370433826136264,7.351542884019584
21.53932020838023,0.7939301439039401
42.45931668815459,34.24438021193791
35.58478671726158,41.841956631475874
7.192062715888218,22.925166550884274
17.85797659446531,61.43072837420887
52.84820279082527,46.71524986737555
37.14242458522419,23.901367248712262
0.132984184379617,4.774111306870417
45.81798549685291,41.058197177262905
21.272149796392537,7.720461221789109
50.501715037409994,96.74228151489787
26.523922861501536,25.270625474430215
2.7682062128451728,58.21607138523026
21.16931125930104,19.119431438519555
63.812201814292344,5.463962365854068
28.715524704003915,46.17434636384922
8.11977434609484,2.3810592308788814
9.04579392519533,46.27802064882585
35.769600944871605,12.823756120055336
25.965677497986157,6.633385188073156
8.062330849741949,29.174864674439977
17.687903672892922,23.257584924914173
19.579927118628696,19.117577509447496
3.7212197031947127,48.670425075881354
14.63293266870551,4.5811995498442855
3.1293838165275885,20.768033776295322
5.9487400759796145,1.589375753168691
71.4947895374779,38.12851573821
16.571511926117747,9.356874326422544
12.596586652455732,49.34411912568391
23.307693604633887,26.81803082903189
23.416063896872316,2.3135617401698694
3.4625801805823215,8.570091852144328
26.820543304006954,0.7187953770483491
67.39086657489129,7.789403840373535
10.640266134216349,46.267316843358465
40.42983353955537,24.57474352971503
60.648473504037064,46.50358528410808
23.411238553592344,49.99856147378479
26.521925029225784,63.563172241744425
9.051747223738973,1.5583340995461972
18.258148804396342,14.269901656488669
1.0955850403893175,7.024480184733325
63.713450915624314,35.347261213055575
22.07717345249984,34.9336244192625
2.8677431654029406,29.06702462367599
20.23323801690563,10.292539636215116
61.70971726325021,2.990863635001477
2.6003383080910973,62.249786221125675
0.018476997654347627,12.110738691152171
87.2691573326681,33.65728888358302
40.31356270012295,77.7773609587417
11.633898318493848,14.52185818215522
53.01721220900478,10.044120033817956
10.275890535799435,42.230907291387744
39.02165679728768,22.383858548450895
0.9425401327842045,6.014967820132951
0.3049274636052054,0.07261743479683191
16.42005380087027,73.98689644159502
11.232180687502032,27.423173903623567
10.387135494870586,24.05472925121803
15.628354257883323,50.946350609832216
17.357104500210387,17.97576275386601
19.792117946280904,8.331355299441043
36.30117388965374,2.2801838278905286
66.18736268137191,14.502598494456542
43.076058221556494,45.84422069416106
83.7628055115334,4.82861334683483
24.59380420394347,61.60274410291568
0.4406523288455515,63.10578351588109
21.049489926976907,20.650315798903936
17.992744778191526,0.6508165147401488
31.071030477020397,2.755138534395243
27.332611098002452,0.8071843249407024
8.207512224550019,7.2908254916786595
33.51907550086669,57.03234934260079
18.026668540636017,7.331969748986794
41.37224056220562,11.414405557347024
56.47382761169613,41.9946563291688
32.20819329657027,46.07324786754148
8.733828609002689,6.076947659126681
7.3416782704115375,64.63305351000773
24.982187720794002,18.254126568481087
12.547944735344544,11.24734962963048
29.152655439830184,6.353268917369366
4.905011203221699,84.3956630730812
8.523184271571683,1.4424361137526875
41.158250719400314,35.517095535439175
49.36713082107306,4.741281860608796
45.473790107057276,2.8123035373195746
64.86530161976381,3.344270830878587
0.24517863701952247,80.09281803561277
5.843400302031378,6.780917858012456
1.0627479935423412,19.169442774442974
30.387237493351325,10.004135133197297
35.786681094520475,80.13520145479295
37.62423146571209,18.59166555145416
4.151310424317195,24.022446609086323
42.27726320217369,2.0827252500112086
28.751510683975,55.49104520025222
78.95860369477103,40.98785659314103
62.007475206145756,3.9327648129173305
1.2889284600318445,11.324883206967412
30.95860799656921,12.44615192370902
52.98682982666694,55.74558199154546
17.447495755489,57.01508397424792
42.165089963218655,47.44858878159164
11.742101660628766,13.730547261490115
53.621718986282154,7.948076663872393
4.781247802087737,79.9023571701932
32.75453321834413,13.281959754033574
14.307858751702026,26.688385199172302
51.05416771050109,74.66026295419137
1.436925441708266,0.3893488042894485
27.472737193393264,8.455492007013486
11.178810935996585,10.461918347625758
29.31941636644507,17.721755243484832
64.7568730441764,9.81370695738876
27.667958563643356,3.8692505122464986
43.75118706982206,55.67582638281339
0.5495024007874677,23.849285712698514
23.20236038336834,33.26405381594822
1.9138039561239697,19.57912830125348
21.424133536710528,9.167936441699412
1.1459557173724275,0.39252013457640456
22.20664920946809,26.059100826740753
9.321750964586741,2.5551288751015773
81.66226446390249,21.5133739149056
31.83608928239693,18.779282973742582
21.831601669001337,17.354968311403365
19.679603198954517,35.26278068868469
73.30711779202845,3.4562804893721104
2.8257894082358144,65.3276260477861
8.65656440312268,29.452431955279284
9.594569196989296,0.9641257282886726
2.253042140428681,20.881313565117154
5.6595338814727585,5.452335192836891
4.62358743168355,33.25165663716545
12.372230037898847,26.35305397895663
35.77409813282001,13.880613007123761
28.492392748707452,4.722446666610823
16.13546492243231,4.289062436333289
42.737674000246805,41.654416629189924
50.04698359926616,11.672387673446215
14.56053526001276,33.77732707125447
31.5881063249549,14.837485060068014
14.672183329885296,29.736621595059837
79.73921264341422,6.523690774136776
85.52187995885615,0.3136646496143174
18.101300878124764,50.927467553496314
25.456224587351123,38.5785273514312
60.52758549198723,1.5667643061562844
62.97925603499343,1.4325595786012433
91.9757669649635,22.852638663007134
61.11073553639845,18.983254995002458
35.84387815172653,54.04653579784451
52.56735088320858,12.049529664290857
49.3619305339272,62.5596450080612
13.557207695427849,75.91859845575723
0.2795496294634202,19.43828177360712
20.16586026275767,42.53202199921193
39.238207934018014,33.79285508958956
6.3643076388222575,19.116633342746322
34.63784303565001,79.5504417626807
14.225598375117452,62.100908263630174
57.209161655591316,11.586341073525716
11.568061743301941,47.372168391136306
7.956119417842232,2.858818449123327
3.431798748888358,29.25374137345019
26.49546875463633,16.305236306988547
24.254276928613017,55.105348931524325
11.19184311905402,47.45173423052911
19.646745731029807,0.971456930151347
4.159122585658175,10.585613265533576
12.237683453092256,15.985595432475366
28.249684722261865,2.607711396731475
23.973856019254935,53.57017310183049
6.904063222392556,16.970442217515988
29.35476853496788,38.931137061409615
23.065380275225248,0.5992812704906945
44.560809428005776,29.926463886861224
33.42782500495129,11.173206424915373
25.96102784228107,75.66137008790523
43.75281742367126,4.53937057193873
12.573325737410645,19.590602299815632
30.948010673351103,3.7683586235822473
81.8739936513417,31.20381543749087
15.7755897750749,31.93054620234166
10.318542926596825,62.8338206740486
4.17574458091831,26.060344557982212
0.7937848128838748,11.842395809850832
8.263461627876548,33.07302698869691
57.129754733340285,45.424693310309095
82.00972412806702,8.32958776018917
39.908173828653695,27.818278205102565
12.832414504719743,35.33326544433553
5.41598212337875,18.595030886679286
12.09817435943368,23.29287255447181
13.097437398689227,6.001153204650544
13.494078402772212,8.355276634440555
0.7058718117514662,31.218458579471477
52.78802167234254,6.193697565885959
21.661204761252858,0.8678122278916112
32.61341044188065,2.017623754724492
7.664069551967288,28.822530546253663
45.85657032010281,26.289738120582186
41.58523176892887,4.951057253354083
35.58843202817731,18.12117906739378
9.36944666300422,10.87335893795665
0.2797865314524688,77.55947708527009
37.31045306115326,14.542644584186384
1.4903500698339112,13.701461510310288
0.5098288501494003,3.0784003701227327
10.860328047239836,30.79124564524466
1.8775653178505736,39.969280728818376
